[
  [
    {
      "case": "國立國父紀念館",
      "area": "拿多少錢願意去",
      "value": 0,
      "orgdata": ""
    },
    {
      "case": "國立國父紀念館",
      "area": "享受程度",
      "value": 0,
      "orgdata": 30
    },
    {
      "case": "國立國父紀念館",
      "area": "交通時間 ",
      "value": 61,
      "orgdata": "30分鐘"
    },
    {
      "case": "國立國父紀念館",
      "area": "服務設施 ",
      "value": 2,
      "orgdata": "廁所"
    },
    {
      "case": "國立國父紀念館",
      "area": "美食 ",
      "value": 0,
      "orgdata": "餐廳"
    }
  ],
  [
    {
      "case": "瓶蓋工廠台北製造所 ",
      "area": "拿多少錢願意去",
      "value": 0,
      "orgdata": ""
    },
    {
      "case": "瓶蓋工廠台北製造所 ",
      "area": "享受程度",
      "value": 60,
      "orgdata": 50
    },
    {
      "case": "瓶蓋工廠台北製造所 ",
      "area": "交通時間 ",
      "value": 50,
      "orgdata": "40分鐘"
    },
    {
      "case": "瓶蓋工廠台北製造所 ",
      "area": "服務設施 ",
      "value": 92,
      "orgdata": "廁所"
    },
    {
      "case": "瓶蓋工廠台北製造所 ",
      "area": "美食 ",
      "value": 33,
      "orgdata": "餐廳"
    }
  ],
  [
    {
      "case": "松山文創園區 ",
      "area": "拿多少錢願意去",
      "value": 0,
      "orgdata": ""
    },
    { "case": "松山文創園區 ", "area": "享受程度", "value": 30, "orgdata": 20 },
    {
      "case": "松山文創園區 ",
      "area": "交通時間 ",
      "value": 90,
      "orgdata": "40分鐘"
    },
    {
      "case": "松山文創園區 ",
      "area": "服務設施 ",
      "value": 2,
      "orgdata": "廁所"
    },
    {
      "case": "松山文創園區 ",
      "area": "美食 ",
      "value": 10,
      "orgdata": "餐廳"
    }
  ],
  [
    { "case": "文昌宮", "area": "拿多少錢願意去", "value": 0, "orgdata": "" },
    { "case": "文昌宮", "area": "享受程度", "value": 0, "orgdata": 80 },
    {
      "case": "文昌宮",
      "area": "交通時間 ",
      "value": 30,
      "orgdata": "10分鐘"
    },
    { "case": "文昌宮", "area": "服務設施 ", "value": 2, "orgdata": "廁所" },
    { "case": "文昌宮", "area": "美食 ", "value": 99, "orgdata": "餐廳" }
  ]
]
